id,name,iata,region,pi_dimensions_cm,pi_dimensions_in,pi_weight_kg,pi_weight_lbs,pi_fee,pi_notes,co_dimensions_cm,co_dimensions_in,co_weight_kg,co_weight_lbs,co_fee,co_notes,cb_dimensions_cm,cb_dimensions_in,cb_weight_kg,cb_weight_lbs,cb_fee_usd,cb_notes,policy_url,last_updated
air-canada,Air Canada,AC,North America,43 x 33 x 16,17 x 13 x 6,,,free,Must fit under seat in front,55 x 40 x 23,21.5 x 15.5 x 9,10,22,free,1 carry-on + 1 personal item. Varies by fare class.,158 linear cm,62 linear in,23,50,30,First bag from $30 CAD. Varies by fare.,https://www.aircanada.com/us/en/aco/home/plan/baggage.html#/,2026-03-30
westjet,WestJet,WS,North America,33 x 41 x 15,13 x 16 x 6,,,free,Must fit under seat in front,53 x 38 x 23,21 x 15 x 9,,,free,Econo fare includes personal item only. EconoFlex+ includes carry-on.,158 linear cm,62 linear in,23,50,30,First bag from $35 CAD. Varies by fare.,https://www.westjet.com/en-ca/baggage,2026-03-30
porter,Porter Airlines,PD,North America,33 x 43 x 14,13 x 17 x 5.5,,,free,Must fit under seat in front,53 x 38 x 23,21 x 15 x 9,,,free,All fares include 1 carry-on + 1 personal item,158 linear cm,62 linear in,23,50,28,First bag from $35 CAD. PorterClassic includes 1 free checked bag.,https://www.flyporter.com/en-ca/travel-information/baggage,2026-03-30
air-transat,Air Transat,TS,North America,43 x 30 x 15,17 x 12 x 6,,,free,Must fit under seat in front,55 x 40 x 23,21.5 x 15.5 x 9,10,22,free,Eco Club and higher fares include 1 carry-on + 1 personal item,158 linear cm,62 linear in,23,50,38,First bag ~$50 CAD. Club Class includes 2 free checked bags.,https://www.airtransat.com/en-CA/travel-information/baggage/weight-dimensions,2026-03-30
united,United Airlines,UA,North America,22 x 35 x 14,9 x 14 x 5.5,,,free,Must fit under seat in front,56 x 35 x 22,22 x 14 x 9,,,free,Basic Economy does not include overhead bin access,158 linear cm,62 linear in,23,50,35,First bag $35 USD in economy. Premier members may be exempt.,https://www.united.com/en/us/fly/baggage.html,2026-03-30
delta,Delta Air Lines,DL,North America,43 x 33 x 16,17 x 13 x 6,,,free,Must fit under seat in front,56 x 35 x 23,22 x 14 x 9,,,free,Basic Economy may not include overhead carry-on on some routes,158 linear cm,62 linear in,23,50,35,First bag $35 USD. Medallion members and Amex card holders may waive fees.,https://www.delta.com/us/en/baggage/overview,2026-03-30
american,American Airlines,AA,North America,45 x 35 x 20,18 x 14 x 8,,,free,Must fit under seat in front,56 x 36 x 23,22 x 14 x 9,,,free,Basic Economy does not allow overhead carry-on on most routes,158 linear cm,62 linear in,23,50,35,First bag $35 USD. AAdvantage status and co-brand card may waive fees.,https://www.aa.com/i18n/travel-info/baggage/baggage.jsp,2026-03-30
southwest,Southwest Airlines,WN,North America,46 x 28 x 14,18 x 11 x 5.5,,,free,Must fit under seat in front,56 x 36 x 23,22 x 14 x 9,,,free,All fares include 1 carry-on + 1 personal item,158 linear cm,62 linear in,23,50,0,2 checked bags FREE for all passengers — Southwest's signature policy,https://support.southwest.com/helpcenter/s/pathway/a1F5G00000cLOqrUAG/baggage,2026-03-30
jetblue,JetBlue,B6,North America,43 x 33 x 18,17 x 13 x 7,,,free,Must fit under seat in front,56 x 36 x 23,22 x 14 x 9,,,free,Blue Basic fare does not include overhead carry-on,158 linear cm,62 linear in,23,50,35,First bag $35 USD. Mosaic members and Mint fares may include free bags.,https://www.jetblue.com/at-the-airport/baggage-information,2026-03-30
alaska,Alaska Airlines,AS,North America,43 x 33 x 20,17 x 13 x 8,,,free,Must fit under seat in front,56 x 36 x 23,22 x 14 x 9,,,free,Saver fare does not include overhead carry-on,158 linear cm,62 linear in,23,50,35,First bag $35 USD. MVP/Gold members get first bag free.,https://www.alaskaair.com/content/travel-info/baggage/overview,2026-03-30
latam,LATAM Airlines,LA,South America,45 x 35 x 20,17.7 x 13.8 x 7.9,,,free,Must fit under seat in front,55 x 35 x 25,21.7 x 13.8 x 9.8,10,22,free,Light fare includes personal item only. Economy includes carry-on.,158 linear cm,62 linear in,23,50,30,First checked bag included in most fares. Light fare charges extra.,https://www.latamairlines.com/us/en/experience/prepare-your-trip/baggage,2026-03-30
avianca,Avianca,AV,South America,45 x 35 x 20,17.7 x 13.8 x 7.9,,,free,Must fit under seat in front,55 x 40 x 25,21.7 x 15.7 x 9.8,10,22,free,Basic fare includes personal item only. Classic and above include carry-on.,158 linear cm,62 linear in,23,50,30,Varies by fare and route. Classic includes 1 free checked bag.,https://www.avianca.com/en/information-and-help/baggage/,2026-03-30
ryanair,Ryanair,FR,Europe,40 x 20 x 25,15.7 x 7.9 x 9.8,,,free,Small personal bag free for ALL fares. Must fit under seat.,55 x 40 x 20,21.7 x 15.7 x 7.9,10,22,varies,Overhead cabin bag included with Priority boarding (~€6+/flight). Standard fares get small bag only.,158 linear cm,62 linear in,20,44,,From ~€8 depending on route and booking time. 10 kg or 20 kg options available.,https://help.ryanair.com/hc/en-gb/categories/12489112419089-Bag-Rules,2026-03-30
easyjet,easyJet,U2,Europe,45 x 36 x 20,17.7 x 14.2 x 7.9,,,free,Under-seat bag free for all passengers,56 x 45 x 25,22 x 17.7 x 9.8,,,varies,Large cabin bag with overhead access included in Plus & Flexi fares. Extra from ~£5.,158 linear cm,62 linear in,23,50,,"From ~£23 depending on route. 15 kg, 23 kg, or 26 kg options available.",https://www.easyjet.com/en/help/baggage/cabin-bags,2026-03-30
lufthansa,Lufthansa,LH,Europe,40 x 30 x 10,15.7 x 11.8 x 3.9,,,free,Small personal item in addition to carry-on,55 x 40 x 23,21.7 x 15.7 x 9,8,18,free,Economy Light fare includes small bag only. Economy Classic and above include carry-on.,158 linear cm,62 linear in,23,50,,Economy Light: paid. Economy Classic includes 1 bag. Business includes 2 bags (32 kg each).,https://www.lufthansa.com/us/en/baggage,2026-03-30
british-airways,British Airways,BA,Europe,40 x 30 x 15,15.7 x 11.8 x 5.9,,,free,Must fit under seat in front,56 x 45 x 25,22 x 17.7 x 9.8,23,50,free,Very generous 23 kg carry-on allowance. Hand Baggage Only fares exclude checked bags.,158 linear cm,62 linear in,23,50,,Included in most Economy fares. Hand Baggage Only fares must pay extra.,https://www.britishairways.com/en-gb/information/baggage-essentials/hand-baggage-allowances,2026-03-30
air-france,Air France,AF,Europe,40 x 30 x 15,15.7 x 11.8 x 5.9,,,free,Under-seat personal item included with all fares,55 x 35 x 25,21.7 x 13.8 x 9.8,12,26,free,Light fare includes personal item only. Flex fares and above include carry-on.,158 linear cm,62 linear in,23,50,,Varies by fare. Classic and Flex fares include 1 free checked bag.,https://wwws.airfrance.us/information/bagages/bagage-cabine-soute,2026-03-30
klm,KLM Royal Dutch Airlines,KL,Europe,40 x 30 x 15,15.7 x 11.8 x 5.9,,,free,Under-seat personal item included with all fares,55 x 35 x 25,21.7 x 13.8 x 9.8,12,26,free,Light fare includes personal item only. Economy Standard and above include carry-on.,158 linear cm,62 linear in,23,50,,Economy Standard includes 1 free checked bag. Light fare pays extra.,https://www.klm.com/information/baggage,2026-03-30
wizz-air,Wizz Air,W6,Europe,40 x 30 x 20,15.7 x 11.8 x 7.9,,,free,Small bag under seat free for all fares,55 x 40 x 23,21.7 x 15.7 x 9,10,22,varies,Cabin bag included with WIZZ Priority and above. Basic fares must purchase.,158 linear cm,62 linear in,20,44,,"Paid add-on. 10 kg, 20 kg, or 32 kg options. Price varies by route.",https://wizzair.com/en-gb/information-and-services/travel-information/baggage,2026-03-30
vueling,Vueling,VY,Europe,40 x 30 x 20,15.7 x 11.8 x 7.9,,,free,Under-seat personal item included with all fares,55 x 40 x 20,21.7 x 15.7 x 7.9,10,22,varies,Included in Optima fare and above. Basic and Lite fares must purchase.,158 linear cm,62 linear in,23,50,,Paid add-on on most fares. Included in Optima and Family fares.,https://www.vueling.com/en/vueling-services/prepare-your-trip/luggage,2026-03-30
emirates,Emirates,EK,Middle East,55 x 38 x 20,21.5 x 15 x 8,,,free,1 small personal item included in carry-on allowance,55 x 38 x 20,21.5 x 15 x 8,7,15,free,Economy: 7 kg total carry-on. Business: 12 kg.,158 linear cm,62 linear in,23,50,0,Economy includes 1 free checked bag (23 kg). Business includes 2 bags (32 kg each).,https://www.emirates.com/ca/english/before-you-fly/baggage/,2026-03-30
qatar,Qatar Airways,QR,Middle East,40 x 30 x 15,15.7 x 11.8 x 5.9,,,free,Small personal item under seat included with all fares,50 x 37 x 25,19.7 x 14.6 x 9.8,7,15,free,Economy: 7 kg. Business and First: 15 kg. Economy Light fare: paid.,158 linear cm,62 linear in,23,50,0,Economy Classic includes 1 free bag (23 kg). Economy Light: paid. Business: 2 bags (32 kg each).,https://www.qatarairways.com/en/baggage/allowance.html,2026-03-30
etihad,Etihad Airways,EY,Middle East,40 x 30 x 15,15.7 x 11.8 x 5.9,,,free,Must fit under seat in front,50 x 40 x 25,19.7 x 15.7 x 9.8,7,15,free,Economy: 7 kg. Business: 12 kg. Hand Carry Only fare: paid.,158 linear cm,62 linear in,23,50,0,Economy Value includes 1 free bag (23 kg). Hand Carry Only fare: paid. Business: 2 bags (32 kg each).,https://www.etihad.com/en/fly-etihad/baggage,2026-03-30
turkish,Turkish Airlines,TK,Middle East,40 x 30 x 15,15.7 x 11.8 x 5.9,,,free,Under-seat personal item included,55 x 40 x 23,21.7 x 15.7 x 9,8,18,free,Economy includes 1 carry-on (8 kg). Business includes 2 bags (8 kg each).,158 linear cm,62 linear in,23,50,0,Economy includes 1 free bag (23 kg on most routes). Business includes 2 bags (32 kg each).,https://www.turkishairlines.com/en-us/any-questions/baggage-information/,2026-03-30
singapore,Singapore Airlines,SQ,Asia,40 x 30 x 10,15.7 x 11.8 x 3.9,,,free,Small personal item under seat included,55 x 38 x 20,21.7 x 15 x 7.9,7,15,free,Economy: 7 kg. Business and First: 16 kg. Economy Lite fare: paid.,158 linear cm,62 linear in,25,55,0,Economy includes 1 free bag (25 kg). Economy Lite: paid. Business: 2 bags (35 kg each).,https://www.singaporeair.com/en_UK/us/travel-info/baggage/cabin-baggage/,2026-03-30
cathay,Cathay Pacific,CX,Asia,40 x 30 x 15,15.7 x 11.8 x 5.9,,,free,Under-seat personal item included,56 x 36 x 23,22 x 14 x 9,7,15,free,Economy: 7 kg. Business and First: 16 kg.,158 linear cm,62 linear in,23,50,0,Economy includes 1 free bag (23 kg). Business includes 2 bags (32 kg each).,https://flights.cathaypacific.com/en_US/baggage.html,2026-03-30
ana,ANA,NH,Asia,45 x 35 x 20,17.7 x 13.8 x 7.9,,,free,Under-seat bag included with carry-on allowance,55 x 40 x 25,21.7 x 15.7 x 9.8,10,22,free,Economy: 10 kg total carry-on. Business: 15 kg.,158 linear cm,62 linear in,23,50,0,Economy includes 1 free bag (23 kg). Business includes 2 bags (32 kg each).,https://www.ana.co.jp/en/us/travel-information/baggage-information/,2026-03-30
korean-air,Korean Air,KE,Asia,40 x 30 x 15,15.7 x 11.8 x 5.9,,,free,Under-seat personal item included,55 x 40 x 20,21.7 x 15.7 x 7.9,12,26,free,Economy: 12 kg. Business: 18 kg. Generous weight allowance for Asia carriers.,158 linear cm,62 linear in,23,50,0,Economy includes 1 free bag (23 kg on most routes). Business includes 2 bags (32 kg each).,https://www.koreanair.com/contents/plan-your-travel/baggage/carry-on-baggage?hl=en,2026-03-30
airasia,AirAsia,AK,Asia,40 x 30 x 10,15.7 x 11.8 x 3.9,,,free,Small bag under seat free for all passengers,56 x 36 x 23,22 x 14 x 9,7,15,free,7 kg carry-on included with all fares,158 linear cm,62 linear in,20,44,,"No free checked baggage — must purchase 15 kg, 20 kg, or 30 kg add-on.",https://www.airasia.com/aa/inflight-comforts/en/gb/baggage.html,2026-03-30
qantas,Qantas,QF,Oceania,40 x 30 x 11,15.7 x 11.8 x 4.3,,,free,Under-seat personal item included,56 x 36 x 23,22 x 14 x 9,7,15,free,Economy: 7 kg. Business: 14 kg. Economy Lite fare: paid.,158 linear cm,62 linear in,23,50,0,Economy includes 1 free bag (23 kg on most routes). Business includes 2 bags (32 kg each).,https://www.qantas.com/us/en/travel-info/baggage.html,2026-03-30
air-new-zealand,Air New Zealand,NZ,Oceania,25 x 40 x 10,9.8 x 15.7 x 3.9,,,free,Under-seat bag included with all fares,55 x 42 x 25,21.7 x 16.5 x 9.8,7,15,free,Economy: 7 kg. Business Premier: 14 kg. Economy Seat fare: paid.,158 linear cm,62 linear in,23,50,0,Economy includes 1 free bag on most international routes. Domestic economy may be paid.,https://www.airnewzealand.com/carry-on-baggage,2026-03-30
frontier,Frontier Airlines,F9,North America,45 x 35 x 20,17.7 x 13.8 x 7.9,,,free,Must fit under seat in front. Included in all fares.,60 x 40 x 25,24 x 16 x 10,,,varies,"Not included in base BASIC fare — must purchase. Included in WORK, PREMIUM, PERKS bundles.",158 linear cm,62 linear in,23,50,25,From $25 when purchased at booking. Fees increase closer to departure.,https://www.flyfrontier.com/travel/travel-info/bag-options/,2026-03-30
spirit,Spirit Airlines,NK,North America,45 x 35 x 20,18 x 14 x 8,,,free,Free personal item must fit under seat. Spirit calls this a 'small personal item'.,56 x 46 x 25,22 x 18 x 10,,,varies,Not included in base fare — add-on fee required. Buy at booking for lowest price.,158 linear cm,62 linear in,23,50,28,From $28 at booking. Fee increases at airport counter.,https://customersupport.spirit.com/en-us/category/article/KA-01535,2026-03-30
allegiant,Allegiant Air,G4,North America,45 x 35 x 20,17.7 x 13.8 x 7.9,,,free,Must fit under seat in front. One personal item free for all passengers.,55 x 40 x 25,22 x 16 x 10,,,varies,Not included in base fare. Purchase during booking for lowest price (~$15+).,158 linear cm,62 linear in,18,40,15,From $15 online. 40 lb limit (lighter than most US carriers). Fees higher at airport.,https://www.allegiantair.com/optional-services-fees,2026-03-30
hawaiian,Hawaiian Airlines,HA,North America,43 x 30 x 15,17 x 12 x 6,,,free,Must fit under seat in front,56 x 35 x 23,22 x 14 x 9,,,free,1 carry-on + 1 personal item for all fares except Main Cabin Basic.,158 linear cm,62 linear in,23,50,25,First bag $25 on mainland US routes. Free on interisland (Neighbor Island) flights.,https://hawaiianair.custhelp.com/app/answers/detail/a_id/2815/~/carry-on-bag-allowance,2026-03-30
aeromexico,Aeromexico,AM,North America,40 x 35 x 20,15.7 x 13.8 x 7.9,,,free,Must fit under seat in front,55 x 40 x 25,21.7 x 15.7 x 9.8,10,22,free,1 carry-on + 1 personal item. Basic (Básico) fare includes personal item only.,158 linear cm,62 linear in,23,50,30,First bag from ~$30 USD. AM fare classes vary — some include 1 free bag.,https://aeromexico.com/en-us/travel-information/baggage,2026-03-30
volaris,Volaris,Y4,North America,40 x 33 x 17,15.7 x 13 x 6.7,,,free,Small personal bag free in all fares. Must fit under seat.,55 x 40 x 20,21.7 x 15.7 x 7.9,10,22,varies,Not included in base (Simple) fare. Purchase as add-on or upgrade to Plus/Flex.,158 linear cm,62 linear in,25,55,18,From ~$18 USD. Higher weight limit (25 kg) than most US carriers.,https://cms.volaris.com/en/travel-info/baggage-policy/,2026-03-30
vivaaerobus,VivaAerobus,VB,North America,40 x 30 x 15,15.7 x 11.8 x 5.9,,,free,Must fit under seat in front. Included in all fares.,55 x 40 x 20,21.7 x 15.7 x 7.9,10,22,varies,Not included in base fare. Available as an add-on during booking.,158 linear cm,62 linear in,25,55,16,From ~$16 USD when purchased in advance.,https://www.vivaaerobus.com/en-us/info/get-ready-to-fly/baggage-policies,2026-03-30
flair,Flair Airlines,F8,North America,43 x 33 x 15,17 x 13 x 6,,,free,Free for all fares. Must fit under seat in front.,56 x 36 x 23,22 x 14 x 9,,,varies,Not included in base Bare fare. Purchase as add-on. Included in Plus and Premium bundles.,158 linear cm,62 linear in,23,50,22,From ~$29 CAD (~$22 USD) when purchased in advance. Canada's ultra-low cost carrier.,https://www.flyflair.com/travel-info/baggage,2026-03-30
sun-country,Sun Country Airlines,SY,North America,43 x 33 x 18,17 x 13 x 7,,,free,Must fit under seat in front. Free for all passengers.,61 x 41 x 28,24 x 16 x 11,,,varies,Not included in base fare. Purchase in advance for lowest price (~$35+).,158 linear cm,62 linear in,23,50,35,From $35. Club fare and some bundles include a free checked bag.,https://www.suncountry.com/bags-optional-services,2026-03-30
caribbean-airlines,Caribbean Airlines,BW,North America,35 x 23 x 23,13.8 x 9 x 9,,,free,Must fit under seat in front,54 x 43 x 23,21.3 x 17 x 9,7,15,free,1 carry-on + 1 personal item included in all fares.,158 linear cm,62 linear in,23,50,20,Fees vary by route. Caribbean/South America routes from ~$20 USD.,https://www.caribbean-airlines.com/#/baggage/carry-on,2026-03-30
copa,Copa Airlines,CM,South America,40 x 35 x 25,15.7 x 13.8 x 9.8,,,free,Must fit under seat in front,55 x 40 x 20,21.7 x 15.7 x 7.9,10,22,free,1 carry-on + 1 personal item. Economy Basic includes personal item only.,158 linear cm,62 linear in,23,50,35,First bag from $35 in Economy Classic. Included in Business.,https://www.copaair.com/en-gs/travel-information/baggage-information/,2026-03-30
gol,GOL Linhas Aéreas,G3,South America,40 x 30 x 20,15.7 x 11.8 x 7.9,,,free,Must fit under seat in front,56 x 36 x 23,22 x 14.2 x 9,10,22,free,Included in Conforto and Plus fares. Promo fare includes personal item only.,158 linear cm,62 linear in,23,50,20,Largest airline in Brazil by passengers. First bag from ~R$100 on basic fares.,https://www.voegol.com.br/en/information/baggage,2026-03-30
azul,Azul Brazilian Airlines,AD,South America,40 x 30 x 15,15.7 x 11.8 x 5.9,,,free,Must fit under seat in front,55 x 35 x 25,21.7 x 13.8 x 9.8,10,22,free,Included in most fares. Promotional fares may exclude carry-on.,158 linear cm,62 linear in,23,50,20,Third-largest airline in Brazil. First bag included in many fares.,https://www.voeazul.com.br/us/en/your-trip/plan/luggage/carry-on-and-personal-luggage,2026-03-30
aerolineas-argentinas,Aerolíneas Argentinas,AR,South America,40 x 35 x 20,15.7 x 13.8 x 7.9,,,free,Must fit under seat in front,55 x 40 x 20,21.7 x 15.7 x 7.9,8,18,free,1 carry-on + 1 personal item. Argentina's flag carrier.,158 linear cm,62 linear in,23,50,0,First checked bag typically included in economy fares. Verify current policy directly.,https://www.aerolineas.com.ar/en-us/baggage-allowance,2026-03-30
jetsmart,JetSMART,JA,South America,40 x 35 x 20,15.7 x 13.8 x 7.9,,,free,Must fit under seat. Free for all passengers.,55 x 35 x 25,21.7 x 13.8 x 9.8,10,22,varies,Not included in base Smart fare. Available as add-on. Ultra-low cost carrier in South America.,158 linear cm,62 linear in,23,50,15,From ~$15 USD when purchased in advance.,https://jetsmart.com/us/en/opcionales/home,2026-03-30
sky-airline,Sky Airline,H2,South America,40 x 35 x 20,15.7 x 13.8 x 7.9,,,free,Must fit under seat in front,55 x 35 x 25,21.7 x 13.8 x 9.8,10,22,varies,Chilean low-cost carrier. Carry-on add-on required on base fares.,158 linear cm,62 linear in,23,50,15,"From ~$15 USD. Operates in Chile, Peru, Argentina, and Colombia.",https://cda.skyairline.com/es/otros/servicios/centro-de-ayuda/category/37,2026-03-30
norwegian,Norwegian Air,DY,Europe,33 x 20 x 25,13 x 7.9 x 9.8,,,free,Small personal bag under seat free for all LowFare tickets.,55 x 40 x 23,21.7 x 15.7 x 9,10,22,varies,Included in LowFare+ and Flex fares. Add-on for base LowFare tickets.,158 linear cm,62 linear in,23,50,,From ~€20 depending on route and when purchased. Flex includes 1 free bag.,https://www.norwegian.com/us/travel-info/baggage/,2026-03-30
sas,SAS Scandinavian Airlines,SK,Europe,40 x 30 x 15,15.7 x 11.8 x 5.9,,,free,Must fit under seat in front,55 x 40 x 23,21.7 x 15.7 x 9,8,18,free,SAS Go: 1 carry-on included. SAS Go Light: personal item only.,158 linear cm,62 linear in,23,50,,Included in SAS Go and higher fares. SAS Go Light must pay extra.,https://www.flysas.com/en/us/travel-info/baggage/,2026-03-30
iberia,Iberia,IB,Europe,40 x 30 x 20,15.7 x 11.8 x 7.9,,,free,Must fit under seat in front,56 x 45 x 25,22 x 17.7 x 9.8,10,22,free,Economy includes carry-on except Básico fare. Spain's flag carrier.,158 linear cm,62 linear in,23,50,,Included in most Economy fares except Básico. From €20 for Básico.,https://www.iberia.com/us/luggage/hand-luggage/,2026-03-30
eurowings,Eurowings,EW,Europe,40 x 30 x 10,15.7 x 11.8 x 3.9,,,free,Small bag under seat free for all fares,55 x 40 x 23,21.7 x 15.7 x 9,10,22,free,"Included in SMART, BEST, and BIZclass fares. Basic fare: small bag only.",158 linear cm,62 linear in,23,50,,From ~€15 depending on route. Lufthansa Group low-cost carrier.,https://www.eurowings.com/en/information/baggage.html,2026-03-30
swiss,Swiss International Air Lines,LX,Europe,40 x 30 x 10,15.7 x 11.8 x 3.9,,,free,Small personal item in addition to carry-on for most fares,55 x 40 x 23,21.7 x 15.7 x 9,8,18,free,Economy includes 1 carry-on. Economy Light includes personal item only.,158 linear cm,62 linear in,23,50,,Economy Light: paid. Economy Classic includes 1 bag. Lufthansa Group premium carrier.,https://www.swiss.com/us/en/prepare/baggage,2026-03-30
austrian,Austrian Airlines,OS,Europe,40 x 30 x 10,15.7 x 11.8 x 3.9,,,free,Small personal item in addition to carry-on,55 x 40 x 23,21.7 x 15.7 x 9,8,18,free,Economy Light: personal item only. Economy Classic+ includes carry-on.,158 linear cm,62 linear in,23,50,,Economy Light: paid. Economy Classic includes 1 bag. Austria's flag carrier.,https://www.austrian.com/us/en/baggage,2026-03-30
finnair,Finnair,AY,Europe,40 x 30 x 15,15.7 x 11.8 x 5.9,,,free,Must fit under seat in front,56 x 45 x 25,22 x 17.7 x 9.8,8,18,free,Economy Light: no carry-on. Economy Classic includes 1 carry-on. Finland's flag carrier.,158 linear cm,62 linear in,23,50,,Included in Economy Classic and Flex fares. Economy Light pays extra.,https://www.finnair.com/us-en/baggage-on-finnair-flights,2026-03-30
tap,TAP Air Portugal,TP,Europe,40 x 30 x 20,15.7 x 11.8 x 7.9,,,free,Must fit under seat in front,55 x 40 x 20,21.7 x 15.7 x 7.9,8,18,free,Discount and Classic fares include carry-on. Basic fare: personal item only.,158 linear cm,62 linear in,23,50,,Included in Classic and above. Discount and Basic fares pay extra. Portugal's flag carrier.,https://www.flytap.com/en-us/information/baggage,2026-03-30
ita-airways,ITA Airways,AZ,Europe,40 x 30 x 15,15.7 x 11.8 x 5.9,,,free,Must fit under seat in front,55 x 35 x 25,21.7 x 13.8 x 9.8,8,18,free,Italy's flag carrier (successor to Alitalia). Carry-on included in Economy Light and above.,158 linear cm,62 linear in,23,50,,Included in Economy and Business fares. Economy Light: paid extra.,https://www.ita-airways.com/en_us/fly-ita/baggage.html,2026-03-30
lot,LOT Polish Airlines,LO,Europe,40 x 35 x 20,15.7 x 13.8 x 7.9,,,free,Must fit under seat in front,55 x 40 x 23,21.7 x 15.7 x 9,8,18,free,Economy Classic and above include carry-on. Economy Light: personal item only.,158 linear cm,62 linear in,23,50,,Included in most fares. Poland's flag carrier — hub at Warsaw Chopin.,https://www.lot.com/us/en/baggage,2026-03-30
aegean,Aegean Airlines,A3,Europe,40 x 30 x 15,15.7 x 11.8 x 5.9,,,free,Must fit under seat in front,56 x 45 x 25,22 x 17.7 x 9.8,8,18,free,1 carry-on + 1 personal item included in all fares. Greece's largest airline.,158 linear cm,62 linear in,23,50,,Included in Flex and Value fares. Simple fare may require extra payment.,https://en.aegeanair.com/travel-information/baggage/,2026-03-30
pegasus,Pegasus Airlines,PC,Europe,40 x 30 x 15,15.7 x 11.8 x 5.9,,,free,Must fit under seat in front,55 x 40 x 20,21.7 x 15.7 x 7.9,8,18,varies,Turkish low-cost carrier. Essential fare: personal item only. Eco and above include carry-on.,158 linear cm,62 linear in,20,44,,From ~€15 depending on route and booking time. Turkey's largest low-cost carrier.,https://www.flypgs.com/en/pegasus-baggage-allowance,2026-03-30
transavia,Transavia,HV,Europe,40 x 30 x 15,15.7 x 11.8 x 5.9,,,free,Small bag under seat free for all passengers,55 x 40 x 25,21.7 x 15.7 x 9.8,10,22,varies,Air France/KLM low-cost subsidiary. Carry-on included in Plus and Flex fares.,158 linear cm,62 linear in,20,44,,From ~€19 when booked in advance. Available in 15 kg and 20 kg options.,https://www.transavia.com/help/en-eu/baggage/cabin-baggage,2026-03-30
aer-lingus,Aer Lingus,EI,Europe,25 x 33 x 20,9.8 x 13 x 7.9,,,free,Small under-seat bag free for all fares,55 x 40 x 24,21.7 x 15.7 x 9.4,10,22,free,"SAVE fare: no overhead carry-on. PLUS, SMART, AER CLUB include carry-on. Ireland's flag carrier.",158 linear cm,62 linear in,23,50,,SAVE fare must purchase. PLUS and above include 1 checked bag.,https://www.aerlingus.com/prepare/bags/,2026-03-30
icelandair,Icelandair,FI,Europe,42 x 32 x 25,16.5 x 12.6 x 9.8,,,free,Must fit under seat in front,56 x 45 x 25,22 x 17.7 x 9.8,10,22,free,1 carry-on + 1 personal item included in most fares. Iceland's flag carrier.,158 linear cm,62 linear in,23,50,,Economy Light: no free bag. Economy Standard includes 1 bag. Transatlantic hub through Reykjavik.,https://www.icelandair.com/en-ca/support/baggage/overview/,2026-03-30
air-baltic,airBaltic,BT,Europe,40 x 30 x 15,15.7 x 11.8 x 5.9,,,free,Small bag free for all fares. Must fit under seat.,55 x 40 x 23,21.7 x 15.7 x 9,8,18,free,Included in Economy and Business fares. Baltic states' leading airline.,158 linear cm,62 linear in,23,50,,"From ~€20. Included in Business and higher fares. Hub at Riga, Latvia.",https://www.airbaltic.com/en/baggage,2026-03-30
condor,Condor,DE,Europe,40 x 30 x 10,15.7 x 11.8 x 3.9,,,free,Small under-seat bag free for all fares,55 x 40 x 20,21.7 x 15.7 x 7.9,6,13,free,German leisure airline. 1 carry-on included in Economy and above. Light fare: personal item only.,158 linear cm,62 linear in,23,50,,Economy includes 1 free bag. Economy Light must pay. Focuses on holiday destinations.,https://www.condor.com/eu/flight-preparation/baggage-and-animals/baggage.jsp,2026-03-30
jet2,Jet2,LS,Europe,35 x 20 x 20,13.8 x 7.9 x 7.9,,,free,Small under-seat bag free for all passengers,56 x 45 x 25,22 x 17.7 x 9.8,10,22,free,UK's largest holiday airline. 1 carry-on included for all passengers on all fares.,158 linear cm,62 linear in,22,48,,From ~£25 when added at booking. Known for generous allowances.,https://www.jet2.com/en/baggage,2026-03-30
air-serbia,Air Serbia,JU,Europe,40 x 30 x 15,15.7 x 11.8 x 5.9,,,free,Must fit under seat in front,55 x 40 x 23,21.7 x 15.7 x 9,8,18,free,1 carry-on + 1 personal item included in Economy and above. Serbia's flag carrier.,158 linear cm,62 linear in,23,50,,Included in most economy fares. Light fare may require extra payment.,https://www.airserbia.com/en/explore/services/baggage,2026-03-30
flydubai,flydubai,FZ,Middle East,40 x 30 x 15,15.7 x 11.8 x 5.9,,,free,Must fit under seat in front,55 x 38 x 20,21.7 x 15 x 7.9,7,15,free,Dubai-based low-cost carrier. Lite fare: small bag only. Economy includes carry-on.,158 linear cm,62 linear in,20,44,,From ~AED 60 depending on route and booking time. Emirates Group subsidiary.,https://www.flydubai.com/en/flying-with-us/baggage/,2026-03-30
air-arabia,Air Arabia,G9,Middle East,40 x 30 x 15,15.7 x 11.8 x 5.9,,,free,Must fit under seat in front,55 x 40 x 20,21.7 x 15.7 x 7.9,10,22,free,Middle East's first and largest low-cost carrier. 10 kg carry-on included in all fares.,158 linear cm,62 linear in,23,50,20,From ~$20 USD. Higher weight packages available. Hub at Sharjah International.,https://www.airarabia.com/en/baggage,2026-03-30
oman-air,Oman Air,WY,Middle East,40 x 35 x 15,15.7 x 13.8 x 5.9,,,free,Must fit under seat in front,55 x 40 x 22,21.7 x 15.7 x 8.7,7,15,free,Economy Lite: 7 kg. Economy: 15 kg. Oman's national carrier.,158 linear cm,62 linear in,23,50,0,Economy includes 1 free checked bag on most routes. Verify on booking.,https://www.omanair.com/en/baggage-policy/baggage-allowance,2026-03-30
flynas,flynas,XY,Middle East,40 x 30 x 15,15.7 x 11.8 x 5.9,,,free,Must fit under seat in front,55 x 40 x 20,21.7 x 15.7 x 7.9,7,15,free,Saudi Arabia's leading low-cost carrier. Carry-on included in most fares.,158 linear cm,62 linear in,23,50,,From SAR 65 depending on route and fare. Extensive domestic Saudi network.,https://www.flynas.com/en/plan-my-trip/cabin-baggage,2026-03-30
saudia,Saudia,SV,Middle East,45 x 35 x 20,17.7 x 13.8 x 7.9,,,free,Must fit under seat in front,55 x 40 x 20,21.7 x 15.7 x 7.9,9,20,free,Saudi Arabia's flag carrier. Economy includes 1 carry-on + 1 personal item.,158 linear cm,62 linear in,23,50,0,Economy typically includes 1 free checked bag on most international routes.,https://www.saudia.com/en-US/manage/baggage/baggage-info,2026-03-30
japan-airlines,Japan Airlines,JL,Asia,40 x 30 x 15,15.7 x 11.8 x 5.9,,,free,Must fit under seat in front,55 x 40 x 25,21.7 x 15.7 x 9.8,10,22,free,1 carry-on + 1 personal item included in all fares. Japan's premium flag carrier.,158 linear cm,62 linear in,23,50,0,Economy typically includes 1–2 free bags on international routes. Domestic varies.,https://www.jal.co.jp/jp/en/inter/baggage/checked/,2026-03-30
china-eastern,China Eastern Airlines,MU,Asia,40 x 30 x 15,15.7 x 11.8 x 5.9,,,free,Must fit under seat in front,55 x 40 x 20,21.7 x 15.7 x 7.9,5,11,free,Economy: 5 kg carry-on limit (strictly enforced). Business: 10 kg. Major Chinese carrier.,158 linear cm,62 linear in,23,50,0,1 free checked bag included in international Economy. Domestic routes vary.,https://www.ceair.com/global/en_static/Announcement/BaggageService/FreeBaggageAllowanceandSpecifications/,2026-03-30
china-southern,China Southern Airlines,CZ,Asia,40 x 30 x 15,15.7 x 11.8 x 5.9,,,free,Must fit under seat in front,55 x 40 x 20,21.7 x 15.7 x 7.9,5,11,free,Economy: 5 kg. Business and First: 10 kg. China's largest airline by passengers.,158 linear cm,62 linear in,23,50,0,1 free bag included in international Economy. Guangzhou hub.,https://www.csair.com/mcms/mcmsNewSite/en/cn/build/index.html?page=xlgd,2026-03-30
air-china,Air China,CA,Asia,40 x 30 x 15,15.7 x 11.8 x 5.9,,,free,Must fit under seat in front,55 x 40 x 20,21.7 x 15.7 x 7.9,5,11,free,"Economy: 5 kg per bag, max 2 items combined under 10 kg. China's national flag carrier.",158 linear cm,62 linear in,23,50,0,International Economy includes 1 free bag. Beijing hub.,https://www.airchina.us/US/GB/info/checked-baggage/,2026-03-30
indigo,IndiGo,6E,Asia,40 x 30 x 15,15.7 x 11.8 x 5.9,,,free,Must fit under seat in front,55 x 35 x 25,21.7 x 13.8 x 9.8,7,15,free,India's largest airline. 7 kg cabin bag included in all fares.,158 linear cm,62 linear in,15,33,,15 kg included (lower than most international carriers). From INR 400 extra.,https://www.goindigo.in/baggage/baggage-allowance.html,2026-03-30
air-india,Air India,AI,Asia,40 x 30 x 15,15.7 x 11.8 x 5.9,,,free,Must fit under seat in front,55 x 40 x 20,21.7 x 15.7 x 7.9,8,18,free,India's national carrier (Tata Group). 1 carry-on + 1 personal item included.,158 linear cm,62 linear in,23,50,0,International Economy typically includes 1–2 free bags depending on route.,https://www.airindia.com/in/en/travel-information/baggage-guidelines.html,2026-03-30
vietnam-airlines,Vietnam Airlines,VN,Asia,40 x 30 x 15,15.7 x 11.8 x 5.9,,,free,Must fit under seat in front,56 x 36 x 23,22 x 14.2 x 9,10,22,free,Vietnam's flag carrier. Economy includes 10 kg carry-on in most fares.,158 linear cm,62 linear in,23,50,0,Economy typically includes 1 free checked bag on international routes.,https://www.vietnamairlines.com/us/en/travel-information/baggage,2026-03-30
thai-airways,Thai Airways,TG,Asia,40 x 30 x 15,15.7 x 11.8 x 5.9,,,free,Must fit under seat in front,56 x 45 x 25,22 x 17.7 x 9.8,7,15,free,Thailand's flag carrier. Economy: 7 kg carry-on included.,158 linear cm,62 linear in,20,44,0,Economy typically includes 20 kg free. Business includes 30–40 kg.,https://www.thaiairways.com/en-th/content/baggage/,2026-03-30
garuda,Garuda Indonesia,GA,Asia,40 x 30 x 15,15.7 x 11.8 x 5.9,,,free,Must fit under seat in front,56 x 36 x 23,22 x 14.2 x 9,7,15,free,Indonesia's flag carrier. 7 kg carry-on included in all economy fares.,158 linear cm,62 linear in,23,50,0,Economy typically includes 1 free bag. Baggage allowance varies by fare class and route.,https://www.garuda-indonesia.com/id/ko/garuda-indonesia-experience/baggage-info,2026-03-30
scoot,Scoot,TR,Asia,40 x 30 x 10,15.7 x 11.8 x 3.9,,,free,Small bag under seat free for all fares,54 x 38 x 23,21.3 x 15 x 9,10,22,varies,Singapore Airlines low-cost subsidiary. Carry-on not included in Lite fare — add-on required.,158 linear cm,62 linear in,20,44,17,"From ~$17 USD. Available in 15 kg, 20 kg, 25 kg, 30 kg bundles.",https://www.flyscoot.com/en/plan/booking-your-flight/baggage,2026-03-30
cebu-pacific,Cebu Pacific,5J,Asia,40 x 30 x 20,15.7 x 11.8 x 7.9,,,free,Must fit under seat in front,56 x 36 x 23,22 x 14.2 x 9,7,15,free,Philippines' largest carrier. 7 kg carry-on included in all fares.,158 linear cm,62 linear in,20,44,15,Checked bag not included in base fare — add-on from ~$15. Available 20–32 kg options.,https://www.cebupacificair.com/en-PH/pages/travel-info/baggage-information,2026-03-30
malaysia-airlines,Malaysia Airlines,MH,Asia,40 x 30 x 10,15.7 x 11.8 x 3.9,,,free,Must fit under seat in front,56 x 36 x 23,22 x 14.2 x 9,7,15,free,Malaysia's flag carrier. Economy: 7 kg carry-on included.,158 linear cm,62 linear in,23,50,0,Economy typically includes 1 free checked bag on international routes.,https://www.malaysiaairlines.com/hq/en/travel-info/baggage.html,2026-03-30
asiana,Asiana Airlines,OZ,Asia,40 x 30 x 15,15.7 x 11.8 x 5.9,,,free,Must fit under seat in front,55 x 40 x 20,21.7 x 15.7 x 7.9,10,22,free,South Korea's second-largest carrier. Economy includes 10 kg carry-on.,158 linear cm,62 linear in,23,50,0,Economy typically includes 1 free bag on international routes.,https://flyasiana.com/C/KR/EN/contents/carry-on-baggage,2026-03-30
philippine-airlines,Philippine Airlines,PR,Asia,40 x 35 x 20,15.7 x 13.8 x 7.9,,,free,Must fit under seat in front,56 x 36 x 23,22 x 14.2 x 9,7,15,free,Philippines' flag carrier. 7 kg carry-on included in all fares.,158 linear cm,62 linear in,23,50,0,Economy typically includes 1 free bag on international routes. World's oldest Asian airline.,https://www.philippineairlines.com/ca/en/before-you-fly/baggage-information/baggage-allowance/baggage-allowance-fees.html,2026-03-30
vietjet,Vietjet Air,VJ,Asia,40 x 30 x 15,15.7 x 11.8 x 5.9,,,free,Must fit under seat in front,56 x 36 x 23,22 x 14.2 x 9,7,15,free,Vietnam's largest private airline. 7 kg carry-on included. Checked bag purchased separately.,158 linear cm,62 linear in,20,44,15,Not included in base fare. From ~$15 USD when purchased during booking.,https://www.vietjetair.com/en/pages/baggage-service-1608369253127,2026-03-30
lion-air,Lion Air,JT,Asia,40 x 30 x 15,15.7 x 11.8 x 5.9,,,free,Must fit under seat in front,40 x 20 x 30,15.7 x 7.9 x 11.8,7,15,free,Indonesia's largest private airline. 7 kg carry-on included.,158 linear cm,62 linear in,20,44,12,Checked bag not included in base fare. From ~$12 USD. Budget carrier in SE Asia.,https://www.lionair.co.id/en/about-us/newsroom/2024/11/28/lion-group-baggage-policy-practical-safe-and-comfortable-for-all-customers,2026-03-30
spicejet,SpiceJet,SG,Asia,40 x 30 x 10,15.7 x 11.8 x 3.9,,,free,Must fit under seat in front,55 x 35 x 25,21.7 x 13.8 x 9.8,7,15,free,Indian low-cost carrier. 7 kg carry-on included in all fares.,158 linear cm,62 linear in,15,33,,15 kg included on most fares. From INR 350 for additional weight.,https://corporate.spicejet.com/airtravelbaggagefaq.aspx,2026-03-30
jeju-air,Jeju Air,7C,Asia,40 x 20 x 30,15.7 x 7.9 x 11.8,,,free,Must fit under seat in front,55 x 40 x 20,21.7 x 15.7 x 7.9,10,22,free,South Korea's leading low-cost carrier. 10 kg carry-on included in all fares.,158 linear cm,62 linear in,15,33,20,Checked bag not included in base fare. From ~$20 USD. Popular for Japan/Southeast Asia routes.,https://www.jejuair.net/en/linkService/boardingProcessGuide/cabinBaggage.do,2026-03-30
starlux,STARLUX Airlines,JX,Asia,40 x 30 x 15,15.7 x 11.8 x 5.9,,,free,Must fit under seat in front,56 x 38 x 23,22 x 15 x 9,7,15,free,Taiwan's premium boutique carrier. Economy: 7 kg carry-on. Business: 10 kg.,158 linear cm,62 linear in,23,50,0,Economy typically includes 1 free bag. Known for premium service at economy prices.,https://www.starlux-airlines.com/en-Global/check-in-fly/baggage-information/general/carry-on-baggage,2026-03-30
bangkok-airways,Bangkok Airways,PG,Asia,40 x 30 x 15,15.7 x 11.8 x 5.9,,,free,Must fit under seat in front,56 x 36 x 23,22 x 14.2 x 9,10,22,free,Thailand's boutique airline. 10 kg carry-on included. Private terminals at Bangkok and Chiang Mai.,158 linear cm,62 linear in,20,44,0,Economy includes 20 kg free on most routes. Serves leisure destinations in SE Asia.,https://www.bangkokair.com/baggage-allowance,2026-03-30
bamboo-airways,Bamboo Airways,QH,Asia,40 x 30 x 15,15.7 x 11.8 x 5.9,,,free,Must fit under seat in front,56 x 36 x 23,22 x 14.2 x 9,7,15,free,Vietnamese private airline. 7 kg carry-on included. Operates domestic and international routes.,158 linear cm,62 linear in,23,50,0,Economy Flex includes 1 free bag. Economy Basic may require add-on.,https://www.bambooairways.com/vn/en/travel-info/baggage-info/carry-on-baggage,2026-03-30
virgin-australia,Virgin Australia,VA,Oceania,40 x 23 x 30,15.7 x 9 x 11.8,,,free,Must fit under seat in front,48 x 34 x 23,18.9 x 13.4 x 9,7,15,free,Economy: 7 kg carry-on included. Economy Lite: personal item only.,158 linear cm,62 linear in,23,50,,From ~AU$50. Flex fares include 1 free bag. Australia's second-largest airline.,https://www.virginaustralia.com/au/en/plan/baggage/,2026-03-30
jetstar,Jetstar,JQ,Oceania,36 x 23 x 23,14.2 x 9 x 9,,,free,Small bag free for all fares. Must fit under seat.,56 x 36 x 23,22 x 14.2 x 9,7,15,varies,Qantas low-cost subsidiary. Not included in Starter fare — add-on required. Included in Starter Plus+.,158 linear cm,62 linear in,20,44,,"From ~AU$15. Available in 15 kg, 20 kg, 25 kg, 30 kg options.",https://www.jetstar.com/au/en/help/baggage-allowance,2026-03-30
fiji-airways,Fiji Airways,FJ,Oceania,40 x 30 x 20,15.7 x 11.8 x 7.9,,,free,Must fit under seat in front,56 x 36 x 23,22 x 14.2 x 9,7,15,free,Fiji's national airline. 1 carry-on + 1 personal item included in all fares.,158 linear cm,62 linear in,23,50,0,"Economy includes 1 free checked bag. Pacific hub serving Australia, NZ, and North America.",https://www.fijiairways.com/en-ca/manage/baggage-allowances,2026-03-30
ethiopian,Ethiopian Airlines,ET,Africa,40 x 30 x 20,15.7 x 11.8 x 7.9,,,free,Must fit under seat in front,55 x 40 x 23,21.7 x 15.7 x 9,7,15,free,Africa's largest airline. 7 kg carry-on included. Hub at Addis Ababa (Bole).,158 linear cm,62 linear in,23,50,0,Economy includes 1 free bag on most international routes. Star Alliance member.,https://www.ethiopianairlines.com/aa/information/baggage-information,2026-03-30
kenya-airways,Kenya Airways,KQ,Africa,40 x 30 x 20,15.7 x 11.8 x 7.9,,,free,Must fit under seat in front,56 x 45 x 25,22 x 17.7 x 9.8,12,26,free,Kenya's flag carrier. Generous 12 kg carry-on allowance included in all fares.,158 linear cm,62 linear in,23,50,0,Economy includes 1 free bag. Hub at Nairobi Jomo Kenyatta. SkyTeam member.,https://www.kenya-airways.com/en/plan/baggage-information/,2026-03-30
south-african-airways,South African Airways,SA,Africa,40 x 30 x 15,15.7 x 11.8 x 5.9,,,free,Must fit under seat in front,56 x 36 x 23,22 x 14.2 x 9,8,18,free,South Africa's flag carrier. 1 carry-on + 1 personal item included.,158 linear cm,62 linear in,23,50,0,"Economy includes 1 free bag on international routes. Hub at OR Tambo, Johannesburg.",https://www.flysaa.com/manage-fly/baggage/baggage-policies,2026-03-30
egyptair,EgyptAir,MS,Africa,40 x 30 x 20,15.7 x 11.8 x 7.9,,,free,Must fit under seat in front,55 x 40 x 20,21.7 x 15.7 x 7.9,8,18,free,Egypt's national carrier. Economy includes 1 carry-on + 1 personal item. Star Alliance member.,158 linear cm,62 linear in,23,50,0,Economy includes 1 free bag on international routes. Hub at Cairo International.,https://www.egyptair.com/en/fly/baggage/Pages/default.aspx,2026-03-30
royal-air-maroc,Royal Air Maroc,AT,Africa,40 x 30 x 20,15.7 x 11.8 x 7.9,,,free,Must fit under seat in front,55 x 40 x 20,21.7 x 15.7 x 7.9,10,22,free,Morocco's flag carrier. 10 kg carry-on included in Economy. Hub at Casablanca Mohammed V.,158 linear cm,62 linear in,23,50,0,Economy includes 1 free bag on most routes. Oneworld member. Connects Africa to Europe and beyond.,https://www.royalairmaroc.com/pt-en/baggage-information,2026-03-30
virgin-atlantic,Virgin Atlantic,VS,Europe,23 x 36 x 56,9 x 14 x 22,,,free,Must fit under seat in front,56 x 36 x 23,22 x 14 x 9,10,23,free,"UK carrier, SkyTeam member. Economy includes 1 carry-on. Economy Light fare may have restrictions.",158 linear cm,62 linear in,23,50,,Economy Light: no free bag. Economy Classic/Delight: 1 free bag (23 kg). Hub at London Heathrow.,https://www.virginatlantic.com/en-CA/help/categories/070fb328-0c1c-4a04-a2bf-795834008bf1,2026-03-30
eva-air,EVA Air,BR,Asia,40 x 30 x 15,15.7 x 11.8 x 5.9,,,free,Must fit under seat in front,55 x 40 x 23,21.7 x 15.7 x 9,7,15,free,Taiwan's second major carrier. Star Alliance member. Economy includes 1 carry-on up to 7 kg.,158 linear cm,62 linear in,23,50,0,Economy includes 1 free checked bag (23 kg) on most international routes. Hub at Taipei Taoyuan.,https://www.evaair.com/en-global/fly-prepare/baggage/free-baggage/general-information/,2026-03-30
china-airlines,China Airlines,CI,Asia,40 x 30 x 15,15.7 x 11.8 x 5.9,,,free,Must fit under seat in front,55 x 40 x 20,21.7 x 15.7 x 7.9,7,15,free,Taiwan's flag carrier. SkyTeam member. Economy includes 1 carry-on up to 7 kg.,158 linear cm,62 linear in,23,50,0,Economy includes 1 free checked bag (23 kg) on international routes. Hub at Taipei Taoyuan.,https://www.china-airlines.com/us/en/fly/prepare-for-the-fly/baggage/carry-on-baggage,2026-03-30
gulf-air,Gulf Air,GF,Middle East,40 x 30 x 15,15.7 x 11.8 x 5.9,,,free,Must fit under seat in front,55 x 40 x 20,21.7 x 15.7 x 7.9,7,15,free,Bahrain's flag carrier. Economy includes 1 carry-on up to 7 kg. Hub at Bahrain International.,158 linear cm,62 linear in,23,50,0,Economy includes 1 free checked bag (23 kg) on most routes.,https://www.gulfair.com/help/baggage/baggage-information,2026-03-30
kuwait-airways,Kuwait Airways,KU,Middle East,40 x 30 x 15,15.7 x 11.8 x 5.9,,,free,Must fit under seat in front,55 x 40 x 20,21.7 x 15.7 x 7.9,7,15,free,Kuwait's national carrier. Economy includes 1 carry-on up to 7 kg. Hub at Kuwait International.,158 linear cm,62 linear in,23,50,0,Economy includes 1 free checked bag (23 kg) on most routes.,https://kuwaitairways.com/en/is/free-carry-on-baggage,2026-03-30
royal-jordanian,Royal Jordanian,RJ,Middle East,40 x 30 x 20,15.7 x 11.8 x 7.9,,,free,Must fit under seat in front,56 x 45 x 25,22 x 17.7 x 9.8,7,15,free,Jordan's flag carrier. Oneworld member. Economy includes 1 carry-on up to 7 kg. Hub at Amman Queen Alia.,158 linear cm,62 linear in,23,50,0,Economy includes 1 free checked bag (23 kg) on international routes.,https://www.rj.com/en/info-and-tips/baggage-information/checked-luggage,2026-03-30
brussels-airlines,Brussels Airlines,SN,Europe,40 x 30 x 15,15.7 x 11.8 x 5.9,,,free,Must fit under seat in front,55 x 40 x 23,21.7 x 15.7 x 9,8,18,free,"Belgium's flag carrier. Star Alliance member, Lufthansa Group. Economy includes 1 carry-on up to 8 kg.",158 linear cm,62 linear in,23,50,,Lite fare: no free bag. Standard/Flex: 1 free bag (23 kg). Hub at Brussels Airport.,https://www.brusselsairlines.com/xx/en/extra-services/baggage,2026-03-30
srilankan-airlines,SriLankan Airlines,UL,Asia,40 x 30 x 15,15.7 x 11.8 x 5.9,,,free,Must fit under seat in front,55 x 40 x 20,21.7 x 15.7 x 7.9,7,15,free,Sri Lanka's flag carrier. Oneworld member. Economy includes 1 carry-on up to 7 kg. Hub at Colombo Bandaranaike.,158 linear cm,62 linear in,30,66,0,Economy includes 1 free checked bag (30 kg) on most routes. Generous allowance for region.,https://www.srilankan.com/en_uk/plan-and-book/luggage,2026-03-30
hainan-airlines,Hainan Airlines,HU,Asia,40 x 30 x 15,15.7 x 11.8 x 5.9,,,free,Must fit under seat in front,55 x 40 x 20,21.7 x 15.7 x 7.9,5,11,free,Major Chinese private carrier. Economy includes 1 carry-on up to 5 kg. Hub at Haikou Meilan.,158 linear cm,62 linear in,23,50,0,Economy includes 1 free checked bag (23 kg) on international routes.,https://www.hainanairlines.com/BE/US/BASV,2026-03-30
pakistan-international-airlines,Pakistan International Airlines,PK,Asia,40 x 30 x 15,15.7 x 11.8 x 5.9,,,free,Must fit under seat in front,56 x 45 x 25,22 x 17.7 x 9.8,7,15,free,Pakistan's flag carrier. Economy includes 1 carry-on up to 7 kg. Hub at Islamabad & Karachi.,158 linear cm,62 linear in,23,50,0,Economy includes 1 free checked bag (23 kg) on international routes.,https://www.piac.com.pk/facilities/baggage-guide,2026-03-30
spring-airlines,Spring Airlines,9C,Asia,20 x 30 x 40,7.9 x 11.8 x 15.7,,,free,Must fit under seat in front,55 x 40 x 20,21.7 x 15.7 x 7.9,7,15,free,China's largest budget carrier. Economy includes 1 carry-on up to 7 kg. Hub at Shanghai Pudong.,158 linear cm,62 linear in,20,44,,Checked baggage is an add-on; not included in base fare. Fees vary by route and booking time.,https://en.ch.com/flights/excess-baggage,2026-03-30
tarom,TAROM,RO,Europe,40 x 30 x 15,15.7 x 11.8 x 5.9,,,free,Must fit under seat in front,55 x 40 x 20,21.7 x 15.7 x 7.9,8,18,free,Romania's flag carrier. SkyTeam member. Economy includes 1 carry-on up to 8 kg. Hub at Bucharest Henri Coandă.,158 linear cm,62 linear in,23,50,,Economy Saver: no free bag. Economy Standard/Flex: 1 free bag (23 kg). Fees vary by fare class.,https://www.tarom.ro/en/passenger-information/baggage/,2026-03-30
air-astana,Air Astana,KC,Asia,40 x 30 x 15,15.7 x 11.8 x 5.9,,,free,Must fit under seat in front,55 x 40 x 20,21.7 x 15.7 x 7.9,8,18,free,Kazakhstan's flag carrier. Economy includes 1 carry-on up to 8 kg. Hub at Almaty & Astana.,158 linear cm,62 linear in,23,50,0,Economy includes 1 free checked bag (23 kg) on most routes. Varies by fare class.,https://airastana.com/uk-en/information/baggage-allowance,2026-03-30
sichuan-airlines,Sichuan Airlines,3U,Asia,20 x 30 x 40,7.9 x 11.8 x 15.7,,,free,Must fit under seat in front,55 x 40 x 20,21.7 x 15.7 x 7.9,5,11,free,Major Chinese carrier based in Chengdu. Economy includes 1 carry-on up to 5 kg. Hub at Chengdu Tianfu.,158 linear cm,62 linear in,23,50,0,Economy includes 1 free checked bag (23 kg) on international routes.,https://global.sichuanair.com/www/?country=US-EN#/home,2026-03-30
jin-air,Jin Air,LJ,Asia,40 x 20 x 10,15.7 x 7.9 x 3.9,,,free,Must fit under seat in front,55 x 40 x 20,21.7 x 15.7 x 7.9,10,22,free,"Korean LCC, subsidiary of Korean Air. Economy includes 1 carry-on up to 10 kg. Hub at Seoul Incheon.",158 linear cm,62 linear in,15,33,,Checked baggage is an add-on; not included in base fare. Fees vary by route and weight tier.,https://www.jinair.com/ready/carryBaggage,2026-03-30
zipair-tokyo,ZIPAIR Tokyo,ZG,Asia,37 x 28 x 15,14.6 x 11 x 5.9,,,free,Must fit under seat in front,56 x 36 x 23,22 x 14.2 x 9,7,15,free,"Japanese ULCC, subsidiary of Japan Airlines. Economy includes 1 carry-on up to 7 kg. Hub at Tokyo Narita.",158 linear cm,62 linear in,20,44,,Checked baggage is an add-on; not included in base fare. Purchased in advance saves money.,https://www.zipair.net/en/service/baggage,2026-03-30
air-algerie,Air Algerie,AH,Africa,40 x 30 x 15,15.7 x 11.8 x 5.9,,,free,Must fit under seat in front,55 x 40 x 20,21.7 x 15.7 x 7.9,10,22,free,Algeria's flag carrier. Economy includes 1 carry-on up to 10 kg. Hub at Algiers Houari Boumediene.,158 linear cm,62 linear in,23,50,0,Economy includes 1 free checked bag (23 kg) on most routes. Connects North Africa to Europe and Middle East.,https://airalgerie.dz/en/plan-your-trip/baggage/,2026-03-30
nok-air,Nok Air,DD,Asia,40 x 30 x 15,15.7 x 11.8 x 5.9,,,free,Must fit under seat in front,56 x 36 x 23,22 x 14.2 x 9,7,15,free,"Thai budget carrier, partially owned by Thai Airways. Economy includes 1 carry-on up to 7 kg. Hub at Don Mueang.",158 linear cm,62 linear in,15,33,,Checked baggage is an add-on; not included in base fare. Purchase in advance for best rates.,https://content.nokair.com/en/Journey-Planning/Baggage.aspx,2026-03-30
croatia-airlines,Croatia Airlines,OU,Europe,40 x 30 x 15,15.7 x 11.8 x 5.9,,,free,Must fit under seat in front,55 x 40 x 23,21.7 x 15.7 x 9,10,22,free,Croatia's flag carrier. Star Alliance member. Economy includes 1 carry-on up to 10 kg. Hub at Zagreb.,158 linear cm,62 linear in,23,50,,Economy Saver: no free bag. Economy Standard/Flex: 1 free bag (23 kg). Fees vary by fare class and route.,https://www.croatiaairlines.com/Baggage,2026-03-30
french-bee,French Bee,BF,Europe,40 x 30 x 15,15.7 x 11.8 x 5.9,,,free,Must fit under seat in front,55 x 35 x 25,21.7 x 13.8 x 9.8,12,26,free,"French long-haul ULCC. 1 carry-on up to 12 kg included on all fares. Hub at Paris Orly. Serves Réunion, Guadeloupe, Tahiti, San Francisco.",158 linear cm,62 linear in,23,50,,Malin (base) fare: no free checked bag. Confort fare: 1 free bag (23 kg). Purchase in advance for best rates.,https://www.frenchbee.com/en/organize-my-trip/at-the-airport/baggage,2026-03-30
wideroe,Wideroe,WF,Europe,25 x 33 x 20,9.8 x 13 x 7.9,,,free,Must fit under seat in front,55 x 40 x 23,21.7 x 15.7 x 9,8,18,free,Norway's largest regional airline. Economy includes 1 carry-on up to 8 kg. Fare restrictions may apply on lowest fares. Hub at Bergen Flesland.,158 linear cm,62 linear in,23,50,,Checked bag allowance varies by fare class. Economy Flex includes 1 free bag; Economy Light may require purchase.,https://www.wideroe.no/en/travel-info/baggage,2026-03-30
middle-east-airlines,Middle East Airlines,ME,Middle East,40 x 30 x 15,15.7 x 11.8 x 5.9,,,free,Must fit under seat in front,55 x 40 x 20,21.7 x 15.7 x 7.9,8,18,free,Lebanon's flag carrier (MEA). Oneworld associate. Economy includes 1 carry-on up to 8 kg. Hub at Beirut Rafic Hariri.,158 linear cm,62 linear in,23,50,0,Economy includes 1 free checked bag (23 kg) on most routes. Some fares allow 2 bags.,https://www.mea.com.lb/english/traveler-info/baggage-info,2026-03-30
biman-bangladesh,Biman Bangladesh Airlines,BG,Asia,40 x 30 x 15,15.7 x 11.8 x 5.9,,,free,Must fit under seat in front,56 x 45 x 25,22 x 17.7 x 9.8,7,15,free,Bangladesh's national carrier. Economy includes 1 carry-on up to 7 kg. Hub at Dhaka Hazrat Shahjalal.,158 linear cm,62 linear in,20,44,0,"Economy includes 1 free checked bag. Weight varies by route: 20 kg on domestic/regional, 23 kg on some international routes.",https://www.biman-airlines.com/baggageAll#gsc.tab=0,2026-03-30
uzbekistan-airways,Uzbekistan Airways,HY,Asia,40 x 30 x 15,15.7 x 11.8 x 5.9,,,free,Must fit under seat in front,55 x 40 x 20,21.7 x 15.7 x 7.9,5,11,free,Uzbekistan's flag carrier. Economy includes 1 carry-on up to 5 kg. Hub at Tashkent International.,158 linear cm,62 linear in,23,50,0,Economy includes 1 free checked bag (23 kg) on most international routes.,https://www.uzairways.com/en/baggage,2026-03-30
rwandair,RwandAir,WB,Africa,40 x 30 x 15,15.7 x 11.8 x 5.9,,,free,Must fit under seat in front,56 x 45 x 25,22 x 17.7 x 9.8,7,15,free,Rwanda's flag carrier. Economy includes 1 carry-on up to 7 kg. Fast-growing pan-African network. Hub at Kigali International.,158 linear cm,62 linear in,23,50,0,Economy includes 1 free checked bag (23 kg) on most routes.,https://www.rwandair.com/plan-your-trip/baggage,2026-03-30
tunisair,Tunisair,TU,Africa,40 x 30 x 15,15.7 x 11.8 x 5.9,,,free,Must fit under seat in front,55 x 40 x 20,21.7 x 15.7 x 7.9,10,22,free,Tunisia's flag carrier. Economy includes 1 carry-on up to 10 kg. Hub at Tunis Carthage. Connects North Africa to Europe and the Middle East.,158 linear cm,62 linear in,23,50,0,Economy includes 1 free checked bag (23 kg) on most routes.,https://www.tunisair.com/en-ca/node/377,2026-03-30
air-mauritius,Air Mauritius,MK,Africa,40 x 30 x 15,15.7 x 11.8 x 5.9,,,free,Must fit under seat in front,55 x 40 x 20,21.7 x 15.7 x 7.9,7,15,free,Mauritius flag carrier. Economy includes 1 carry-on up to 7 kg. Hub at Sir Seewoosagur Ramgoolam International.,158 linear cm,62 linear in,23,50,0,Economy includes 1 free checked bag (23 kg) on most international routes.,https://www.airmauritius.com/en/before-you-fly/baggage,2026-03-30
taag-angola,TAAG Angola Airlines,DT,Africa,40 x 30 x 15,15.7 x 11.8 x 5.9,,,free,Must fit under seat in front,55 x 40 x 20,21.7 x 15.7 x 7.9,8,18,free,Angola's national carrier. Economy includes 1 carry-on up to 8 kg. Hub at Luanda Quatro de Fevereiro.,158 linear cm,62 linear in,23,50,0,Economy includes 1 free checked bag (23 kg) on most routes.,https://flytaag.com/en/Plan/Luggage,2026-03-30
arajet,Arajet,DM,North America,45 x 35 x 20,17.7 x 13.8 x 7.9,,,free,Must fit under seat in front. Only item included in base fare.,45 x 35 x 25,17.7 x 13.8 x 9.8,10,22,varies,"Dominican ULCC, launched 2022. Carry-on is an add-on; not included in base fare. Hub at Las Américas International, Santo Domingo.",158 linear cm,62 linear in,23,50,,Checked baggage is an add-on. Fees vary by route; purchase in advance for best rates.,https://www.arajet.com/en-us/baggage,2026-03-30
air-tahiti-nui,Air Tahiti Nui,TN,Oceania,40 x 30 x 15,15.7 x 11.8 x 5.9,,,free,Must fit under seat in front,55 x 35 x 25,21.7 x 13.8 x 9.8,12,26,free,"French Polynesia's flag carrier. Economy includes 1 carry-on up to 12 kg. Serves Papeete to Paris, Tokyo, Seattle, Auckland, Sydney. Hub at Papeete Faa'a.",158 linear cm,62 linear in,23,50,0,Economy includes 1 free checked bag (23 kg) on all international routes.,https://www.airtahitinui.com/us-en/baggage,2026-03-30